name;url;occupation;estate;lan;kommun;wikidata_id;person_id
Johan Henrik Alkunen;/wiki/Johan_Henrik_Alkunen;;burgers;;Helsinki;;i-5dPrEEkSz1FYJNh3fKxGLP
Ossian Ansas;/wiki/Ossian_Ansas;;burgers;;Vaasa;;i-FXge12HBsdn8k5HAufzWpc
Woldemar Backman;/wiki/Woldemar_Backman;;burgers;;Pietarsaari;;i-UEYzaBGkjvQa4ih72x4yeC
Konrad Björkstén;/wiki/Konrad_Bj%C3%B6rkst%C3%A9n;;burgers;;Porvoo;;i-KoJBp9j1HAS2wtWnF79M1o
T. J. Boisman;/wiki/T._J._Boisman;;burgers;;Helsinki;;i-E842CxwFnJfAsu59UCBbji
Carl Alfred Carlström;/wiki/Carl_Alfred_Carlstr%C3%B6m;;burgers;;Kristiinankaupunki;;i-LcbKWGDpGm9XdVkcD4Yn4p
Arthur Castrén;/wiki/Arthur_Castr%C3%A9n;;burgers;;Oulu;;i-9oxDi4BqdVHRsvWRKNPpdt
Kaarlo Castrén;/wiki/Kaarlo_Castr%C3%A9n;;burgers;;Hamina;;i-tmNmmQ5iKubJrqgCeZYdn
Axel Cederberg;/wiki/Axel_Cederberg;;burgers;;Vaasa;;i-567gVPjPfpWGN2AoJtRfBW
Anton Elving;/wiki/Anton_Elving;;burgers;;Tampere;;i-6rnaskjzpKMmf1BKqf1dSH
Eero Erkko;/wiki/Eero_Erkko;;burgers;;Hämeenlinna;Q4119026;i-7r2DHZ8fkniPeRQbBRGNbv
Oskar Groundstroem;/wiki/Oskar_Groundstroem;;burgers;;Helsinki;;i-EYJT4XUYCifxuQgXm8q9GN
Aimo Hallberg;/wiki/Aimo_Hallberg;;burgers;;Kotka;;i-KT9fa2ehNHWytc91mC68Ag
Mauritz Hallberg;/wiki/Mauritz_Hallberg;;burgers;;Helsinki;;i-7KxQWYRijD5jxcyYeme3uf
Felix Heikel;/wiki/Felix_Heikel;;burgers;;Viipuri;Q5797587;i-N4Kj7XJKByKctvmiVZHuWm
Theodor August Heikel;/wiki/Theodor_August_Heikel;;burgers;;Uusikaarlepyy;;i-AZnkerqXAUAGLvKWER21jf
Walter Heimbürger;/wiki/Walter_Heimb%C3%BCrger;;burgers;;Helsinki;;i-Y59h3ky8p4w3hRToAKqdFq
Niilo Helander;/wiki/Niilo_Helander;;burgers;;Heinola;;i-4jWtzjmGyp5knhYQSbBe7D
August Hjelt;/wiki/August_Hjelt;;burgers;;Naantali;Q4355143;i-Tyx5Yj2Vx6u9mvdwtU9AKF
Gustaf Rudolf Idman;/wiki/Gustaf_Rudolf_Idman;;burgers;;Tampere;;i-9hHPWbbtgznfxec4dGcfyM
Santeri Ivalo;/wiki/Santeri_Ivalo;;burgers;;Iisalmi;;i-E4eK7REWL1iRG4jFor7gae
Fredrik Jansson;/wiki/Fredrik_Jansson;;burgers;;Helsinki;Q96378496;i-PJieNR5tUWvJeBkxF7Dr9F
Julius Emerik Jansson;/wiki/Julius_Emerik_Jansson;;burgers;;Maarianhamina;;i-Q5EydXH8qjLRMePzsPkUGU
Juho Heikki Jokinen;/wiki/Juho_Heikki_Jokinen;;burgers;;Turku;;i-KQxKFWq81XxtmGUs1mvL4r
Fritz Arthur Jusélius;/wiki/Fritz_Arthur_Jus%C3%A9lius;;burgers;;Pori;;i-Nxfsn5PHzYhH2DmBcoNnAc
Vilho Jämsén;/wiki/Vilho_J%C3%A4ms%C3%A9n;;burgers;;Kemi;;i-EAHXCwinZpxJEmpN7f2gCG
Einar August Kalm;/wiki/Einar_August_Kalm;;burgers;;Tornio;;i-8vaPG6C2FYVaveHA3TgTDk
Kyösti Kanniainen;/wiki/Ky%C3%B6sti_Kanniainen;;burgers;;Jyväskylä;;i-RdVg2ED8jziUyqAhpvSx15
Kustaa Killinen;/wiki/Kustaa_Killinen;;burgers;;Kuopio;Q5403873;i-VUPS4htBc7spKyCvDEph4z
Kaarlo Kokkonen;/wiki/Kaarlo_Kokkonen;;burgers;;Kajaani;;i-UBSoYX91VzS6A6UZDp8vNf
Johan Albert Kosk;/wiki/Johan_Albert_Kosk;;burgers;;Helsinki;;i-YaBxVxSb356iXmkaP5o367
Taneli Kurkela;/wiki/Taneli_Kurkela;;burgers;;Tampere;;i-E3msfxTo8TZ2VyeUTvXSUg
Mikko Latva;/wiki/Mikko_Latva;;burgers;;Pori;Q17382097;i-14317JnQPTgWq1zhQNz5cf
Magnus Lavonius;/wiki/Magnus_Lavonius;;burgers;;Tampere;;i-VPkGALknWhkvyLEqpQP32A
W. A. Lavonius;/wiki/W._A._Lavonius;;burgers;;Helsinki;;i-AJ842ydXS7vgqvEHKBzHhk
Konstantin Lojander;/wiki/Konstantin_Lojander;;burgers;;Rauma;;i-4VDyKAbfGyk5dYP2hRbCWd
Johannes Lundson;/wiki/Johannes_Lundson;;burgers;;Lappeenranta;Q391176;i-NxYVE3KzeNrGHSJrekxTNq
Albert Luoma;/wiki/Albert_Luoma;;burgers;;Raahe;;i-MsAZiKUoJpJxkiXUKdN7nN
Gustaf Manninen;/wiki/Gustaf_Manninen;;burgers;;Pori;;i-2Y7nE87KujbGcxBqipXQGn
Guss Mattsson;/wiki/Guss_Mattsson;;burgers;;Kaskinen;;i-MDfAM83g7G9zW98usAVuS1
Antti Mikkola;/wiki/Antti_Mikkola;;burgers;;Turku;Q11852170;i-TyPEdHTUkNhatf9Qa8vJqR
Yrjö Mäkelin;/wiki/Yrj%C3%B6_M%C3%A4kelin;;burgers;;Oulu;;i-GsZwREPpy6D78H3Sw8e8Gm
Kaarlo Kristian Mäkinen;/wiki/Kaarlo_Kristian_M%C3%A4kinen;;burgers;;Mikkeli;;i-Vs4QzRgBgAecAXeabLq3Sy
Arvid Neovius;/wiki/Arvid_Neovius;;burgers;;Loviisa;Q2041075;i-YaJc7TK6KSJr3uwv6p5AgR
Isak Oivanen;/wiki/Isak_Oivanen;;burgers;;Kotka;;i-UunQBxgJCJ91ySCNSRMCtw
Simo Frithiof Parviainen;/wiki/Simo_Frithiof_Parviainen;;burgers;;Joensuu;;i-SZ16bZKoDB96Toq5hKxNqX
Leonard von Pfaler;/wiki/Leonard_von_Pfaler;puhemies;burgers;;Helsinki;;i-J2CszrE3gkUiAQ8Qt52mWd
Matti Pietinen;/wiki/Matti_Pietinen;;burgers;;Viipuri;Q17382941;i-5wge6QMG7pAdkdDzz7CEBh
Eduard Polón;/wiki/Eduard_Pol%C3%B3n;;burgers;;Helsinki;;i-YHMajQHP5NsMtjp6vqMN7v
Erkki Reijonen;/wiki/Erkki_Reijonen;;burgers;;Tampere;;i-WqCwSrRYdPbFEUgRi8a3PH
K. H. Renlund;/wiki/K._H._Renlund;;burgers;;Kokkola;;i-Ga4zhpKhZgMrwW6CEFhPKo
Heikki Renvall;/wiki/Heikki_Renvall;;burgers;;Savonlinna;Q4357064;i-7WDqJ36fmBcNsdEcPvvoFQ
Viktor Jedidjah Alfred Roos;/wiki/Viktor_Jedidjah_Alfred_Roos;;burgers;;Hanko;;i-9xUHPAc9cf8T1C3qtsfCqM
Mauno Rosendal;/wiki/Mauno_Rosendal;;burgers;;Oulu;Q6079717;i-WfaPXmrfKy2M88t7q4ZBr6
J. A. Salminen;/wiki/J._A._Salminen;;burgers;;Turku;;i-WjuDQ8j1vsSw67QvPoaiQn
Theodor Schwindt;/wiki/Theodor_Schwindt;;burgers;;Käkisalmi;;i-dUJ9Gu38LQ6ZmTrMYYQ6m
Emil Schybergson;/wiki/Emil_Schybergson;;burgers;;Helsinki;Q11857805;i-EJMdBVXoPwci3WftmbWBr1
Jakob Johannes Sederholm;/wiki/Jakob_Johannes_Sederholm;;burgers;;Helsinki;;i-EiiQ7Jz1v4GYGMTCiMv9Cm
Aleksander Sikio;/wiki/Aleksander_Sikio;;burgers;;Savonlinna;;i-Jx18MvGDAsWpLispqXsDvN
Fredrik Sundwall;/wiki/Fredrik_Sundwall;;burgers;;Tammisaari;;i-5g8WJnGMjg684X2dzwMr2J
Karl Söderholm;/wiki/Karl_S%C3%B6derholm;;burgers;;Helsinki;;i-6FmesMshK9tPHWFPZiuwp4
Aleksander Henrik Söderman;/wiki/Aleksander_Henrik_S%C3%B6derman;;burgers;;Uusikaupunki;;i-Tntgfg5AMMxYZi9wm5H9Eo
Otto Tuomi;/wiki/Otto_Tuomi;;burgers;;Kuopio;;i-GEJW1X9fTb76RGrRQT1Xr5
August Emil Konstantin Tötterman;/wiki/August_Emil_Konstantin_T%C3%B6tterman;;burgers;;Turku;;i-KCCsfGqPw6fxcvH1WdRibJ
Evert Woldemar Walldén;/wiki/Evert_Woldemar_Walld%C3%A9n;;burgers;;Helsinki;;i-65SvLz3peJAS3GfKEa4Jst
Theodor Wegelius;/wiki/Theodor_Wegelius;;burgers;;Helsinki;Q7781631;i-4aPM48yGQ361iaSozbN2rM
Kalle Viljakainen;/wiki/Kalle_Viljakainen;;burgers;;Tampere;Q17384649;i-Quofg7cvFSNhUVrVFqCsCJ
Gustaf Johannes Winter;/wiki/Gustaf_Johannes_Winter;;burgers;;Sortavala;;i-4dMDRGTmPntuwcs7LN9WhR
Eugen Wolff;/wiki/Eugen_Wolff;;burgers;;Viipuri;;i-FYjmCyuWucvpTGy2QzWpoP
Henrik Johan Wilhelm Zilliacus;/wiki/Henrik_Johan_Wilhelm_Zilliacus;;burgers;;Helsinki;;i-95kqLStAkf79wjFbzwvEWA
Knut Gustaf Åkesson;/wiki/Knut_Gustaf_%C3%85kesson;;burgers;;Vaasa;;i-EPiSDHWvRjVpP9ZBHuoPLi
Axel Ålenius;/wiki/Axel_%C3%85lenius;;burgers;;Turku;;i-33ykiPLUFubmKhcMAMuGRr
Elias Öhman;/wiki/Elias_%C3%96hman;;burgers;;Helsinki;;i-3vKiENeoA3CspmdF15oiTu
Herman Adlercreutz;/wiki/Herman_Adlercreutz_(valtiop%C3%A4iv%C3%A4mies);;nobility;;  ;;i-2TmKiLYSqwWZHXSS1TZEeE
Kristian von Alfthan;/wiki/Kristian_von_Alfthan;;nobility;;;Q5546475;i-8XNxnftYHEi8sGEojxrwPD
Adolf Aminoff;/wiki/Adolf_Aminoff_(1860%E2%80%931914);;nobility;;  ;;i-UDfLY4X7enJaiGPA89x5CJ
Alexander Aminoff;/wiki/Alexander_Aminoff_(valtiop%C3%A4iv%C3%A4mies);;nobility;;;;i-7Zm9aeNVo34bpWApDSSkmX
Axel Henrik Antell;/wiki/Axel_Henrik_Antell;;nobility;;;;i-CyA98HnR3uENykk8myABmW
Kasten Antell;/wiki/Kasten_Antell;;nobility;;;Q4405514;i-FdRfUaAkk5CYpd9Du8pbGa
Carl Alexander Armfelt;/wiki/Carl_Alexander_Armfelt;;nobility;;;;i-4c9Asm14jsJHGA4VeKgxVc
Erik Berg;/wiki/Erik_Berg;;nobility;;;Q89996214;i-3c3mMnWvqzrTpJhtECSCRN
Gösta Björkenheim;/wiki/G%C3%B6sta_Bj%C3%B6rkenheim;;nobility;;;;i-Qp7sJuXneZjAk13ibBY1Fi
Birger Fredrik af Björkesten;/wiki/Birger_Fredrik_af_Bj%C3%B6rkesten;;nobility;;;;i-MujcqCg7h5ho8MapFbhqsZ
Carl Ragnar af Björkesten;/wiki/Carl_Ragnar_af_Bj%C3%B6rkesten;;nobility;;;;i-6C4mGB67MVbR8ENmP4bBSw
Axel Waldemar af Björksten;/wiki/Axel_Waldemar_af_Bj%C3%B6rksten;;nobility;;;;i-AE2jQwCp42q2H3c7Yw4f16
Gustaf Ivar Blåfield;/wiki/Gustaf_Ivar_Bl%C3%A5field;;nobility;;;;i-PzVQ4YLaWeM7pNS6Ys5uUd
Valfrid August Vilhelm Blåfield;/wiki/Valfrid_August_Vilhelm_Bl%C3%A5field;;nobility;;;;i-SPwXEDwrmRhThsKjhJmzBQ
Constantin Boije af Gennäs;/wiki/Constantin_Boije_af_Genn%C3%A4s;;nobility;;;;i-KR84sJFFS2USNruSw4DL1V
Adolf von Bonsdorff;/wiki/Adolf_von_Bonsdorff;;nobility;;;;i-NZKAm3ErTL9hjBC4SPLuqU
Carl von Bonsdorff;/wiki/Carl_von_Bonsdorff;;nobility;;;;i-Tqp3j9qYioq4RaiA7DM5ac
Hjalmar Gabriel von Bonsdorff;/wiki/Hjalmar_Gabriel_von_Bonsdorff;;nobility;;;;i-HMYu9fE5ywoYGF6TqvESdP
John Waldemar von Bonsdorff;/wiki/John_Waldemar_von_Bonsdorff;;nobility;;;;i-AJPQWcxL1eHvoEv1DVLV5Y
Viktor Magnus von Born;/wiki/Viktor_Magnus_von_Born;maamarsalkka;nobility;;;Q3375796;i-L9kZxLhWCuQyLqDdMjfmwo
Thorsten Brakel;/wiki/Thorsten_Brakel;;nobility;;;;i-GqbRjbz9VGGWeqAzt5MnHd
Hans Henrik Brummer;/wiki/Hans_Henrik_Brummer;;nobility;;;;i-M2RVvJD7jgP4UzUVxXoUL5
Johan Wilhelm Brummer;/wiki/Johan_Wilhelm_Brummer;;nobility;;;;i-KuoWWMCGcGasD8NaD69C4c
Karl Wilhelm Bruncrona;/wiki/Karl_Wilhelm_Bruncrona;;nobility;;;;i-6D2GsjXreTSdsxx3MhRbND
Theodor Bruun;/wiki/Theodor_Bruun_(nuorempi);;nobility;;;;i-U2A7cwzeuhuxLi8KooFg4u
Tom Hjalmar Carpelan;/wiki/Tom_Hjalmar_Carpelan;;nobility;;;;i-6qhz6MNjaSJf4k4yzP7rko
Tor Carpelan;/wiki/Tor_Carpelan;;nobility;;;;i-Eoh6go1r2gZUEHoWkD2wZf
Axel Fredrik Nikolaus Cedercreutz;/wiki/Axel_Fredrik_Nikolaus_Cedercreutz;;nobility;;;;i-NDu3XB3xk3uT4c2LFvLbZz
Emil Waldemar Cedercreutz;/wiki/Emil_Waldemar_Cedercreutz;;nobility;;;;i-SGZvu2gmDdnsbFXvehPV56
Gustaf Johan Reinhold Cedercreutz;/wiki/Gustaf_Johan_Reinhold_Cedercreutz;;nobility;;;;i-Wk2CGMXF9NZnSdq26M5ZN9
Arne Cederholm;/wiki/Arne_Cederholm;;nobility;;;;i-S4N4b2keBxeCJJKy8Ryks3
Richard Casimir de la Chapelle;/wiki/Richard_Casimir_de_la_Chapelle;;nobility;;;;i-CxC5n56mokAqSKPwqL2VNN
Axel Fredrik Charpentier;/wiki/Axel_Fredrik_Charpentier;;nobility;;;;i-QvFYn2SbCevwzepahRX1Eo
Carl Axel Gustaf von Christierson;/wiki/Carl_Axel_Gustaf_von_Christierson;;nobility;;;;i-Ra6DZsbiF1Qi4QsVYUsB4f
Alexander von Collan;/wiki/Alexander_von_Collan;;nobility;;;;i-B7K44WE4uTopCniVGbSNrZ
Clas von Collan;/wiki/Clas_von_Collan;;nobility;;;;i-Dyoum1uqVHJc4aBfw4FSSa
Gustaf Filip Creutz;/wiki/Gustaf_Filip_Creutz_(tilanomistaja);tilanomistaja;nobility;;;;i-W2pfNtUzJWuFavRakcdU7X
Carl Anton Reinhold Ludvig Cronstedt;/wiki/Carl_Anton_Reinhold_Ludvig_Cronstedt;;nobility;;;;i-2ZVFdKNgodWAvp9mUf7Ku6
Gabriel Benjamin Cronstedt;/wiki/Gabriel_Benjamin_Cronstedt;;nobility;;;;i-AeAKY6FRuKvjWSGR8TKYMW
Frans Edvard Edelheim;/wiki/Frans_Edvard_Edelheim;;nobility;;;;i-893yjQTkC3raezZozvP5nd
Alexander Kasimir Ehrnrooth;/wiki/Alexander_Kasimir_Ehrnrooth;;nobility;;;;i-6wcYti4M8dnHXbFDVXC9t9
Axel Ehrnrooth;/wiki/Axel_Ehrnrooth;;nobility;;;;i-PyyELpiiVyvdj4dMGXBMfd
Georg Ehrnrooth;/wiki/Georg_Ehrnrooth_(vuorineuvos,_1866%E2%80%931935);vuorineuvos;nobility;;;;i-Svni6aX5bhGV2ryvepBXto
Gustaf Robert Ehrnrooth;/wiki/Gustaf_Robert_Ehrnrooth;;nobility;;;;i-SbX61wokaS67ghtHrcjkgQ
Leo Ehrnrooth;/wiki/Leo_Ehrnrooth;;nobility;;;Q4413049;i-SXNWTjE9HN5oyuWqsYxf5Y
Axel Ekestubbe;/wiki/Axel_Ekestubbe;;nobility;;;;i-SyVV264UBZ1JB58yfmkdmz
Hugo Edvard af Enehjelm;/wiki/Hugo_Edvard_af_Enehjelm;;nobility;;;;i-2ajE7JaFMbUYwaiy96tsv9
Arthur Reinhold von Essen;/wiki/Arthur_Reinhold_von_Essen;;nobility;;;;i-DTCBRT9AaMKs7eLkCRmGkS
Bernhard Estlander;/wiki/Bernhard_Estlander;;nobility;;;;i-PLyPRr4UAy58WNh8KVMjYT
Carl Georg Estlander;/wiki/Carl_Georg_Estlander;;nobility;;;;i-3XKSNQXdti9jfHeuCR5iY4
Ernst Estlander;/wiki/Ernst_Estlander;;nobility;;;Q5720020;i-Xf4P3uUdXEXzZV8Cv8qecp
Hans Henrik Estlander;/wiki/Hans_Henrik_Estlander;;nobility;;;;i-KHiayBK11WrtpMd7gYcFdd
Jakob Bernhard Estlander;/wiki/Jakob_Bernhard_Estlander;;nobility;;;;i-Xj65dQxSdAb1LuPttC4ShV
Paul von Etter;/wiki/Paul_von_Etter_(1861);;nobility;;;;i-D711TKU9YcRjKQmWmQGtnW
Victor Ludvig Alexander Falck;/wiki/Victor_Ludvig_Alexander_Falck;;nobility;;;;i-XZZYBmXAzVMnL5wScZ93RP
Carl Wilhelm Daniel von Fieandt;/wiki/Carl_Wilhelm_Daniel_von_Fieandt;;nobility;;;;i-LBgUfgHuPnnZdDar6ZUzhW
Arthur af Forselles;/wiki/Arthur_af_Forselles;;nobility;;;Q5492646;i-Rp2PztPk5dnCsvQTKH2P2F
Carl Axel Birger af Forselles;/wiki/Carl_Axel_Birger_af_Forselles;;nobility;;;;i-2g556HzWNUiGYftBbkrC5Z
Pehr Adolf Alf af Forselles;/wiki/Pehr_Adolf_Alf_af_Forselles;;nobility;;;;i-2Ss1PMTbudt7KdQFdTRFcG
Arthur William Forsman;/wiki/Arthur_William_Forsman;;nobility;;;;i-2dJVDxi9P9zCeZYiTSy5zw
Georg Fraser;/wiki/Georg_Fraser;;nobility;;;;i-MEoY3ZYgtDsM2D23r4yfXX
Charles Emil af Frosterus;/wiki/Charles_Emil_af_Frosterus;;nobility;;;;i-GMfCWWEUuVeJEHKYgMeo6H
Edvard Furuhjelm;/wiki/Edvard_Furuhjelm;;nobility;;;;i-4SZHDeG2hZDajPY4oRm8bV
Elis Furuhjelm;/wiki/Elis_Furuhjelm;;nobility;;;;i-CN9ba2YkypvRWcT57zJXWv
Elis Campbell Nicolas Furuhjelm;/wiki/Elis_Campbell_Nicolas_Furuhjelm;;nobility;;;;i-HDS4uGheZUgKFGSypVuhj7
Alexander Gadolin;/wiki/Alexander_Gadolin;;nobility;;;Q2152676;i-49wxrLYQpVUaP1HQGn1g3p
Claes Edvin Godenhjelm;/wiki/Claes_Edvin_Godenhjelm;;nobility;;;;i-AgCTsSPCdS4oz5dpEzWJuw
August Fredrik Granfelt;/wiki/August_Fredrik_Granfelt;;nobility;;;;i-KCWHHiMpyLd9LgBgzksu28
George Granfelt;/wiki/George_Granfelt;;nobility;;;Q11860393;i-XVwe7aSZ67FF9bsR45srHv
Hjalmar Granfelt;/wiki/Hjalmar_Granfelt;;nobility;;;Q5478877;i-LszJ9La6sjSXEUGEBJttyo
Aarne Gripenberg;/wiki/Aarne_Gripenberg;;nobility;;;;i-NBjMz9hr6symL5rEHweJfZ
Alexis Gripenberg;/wiki/Alexis_Gripenberg;varamaamarsalkka;nobility;;;;i-XAhPHpjCL41PGZ85XdBSmS
Bertel Gripenberg;/wiki/Bertel_Gripenberg;;nobility;;;Q3195304;i-HrCdohmsxB2j5RtBj33hSU
Gustaf Adolf Konstantin Gripenberg;/wiki/Gustaf_Adolf_Konstantin_Gripenberg;;nobility;;;;i-Nt8YGKJiiZ7gv6xC2bwbfr
Johan Axel Gripenberg;/wiki/Johan_Axel_Gripenberg;;nobility;;;;i-GbyfTXHevxWvXpYKfxzfVD
Lennart Gripenberg;/wiki/Lennart_Gripenberg;;nobility;;;Q4355145;i-C9KYhraNLJSN4TypRVTUUr
Mauritz Gripenberg;/wiki/Mauritz_Gripenberg;;nobility;;;;i-HmF96RYdQTCuQ9kU2oPUsj
Gösta Grotenfelt;/wiki/G%C3%B6sta_Grotenfelt;;nobility;;;;i-uD1joERTReE2GhVvugpy1
Julius Grotenfelt;/wiki/Julius_Grotenfelt;;nobility;;;;i-8QYakWUV2VeaBeSr6opb8f
Kustavi Grotenfelt;/wiki/Kustavi_Grotenfelt;;nobility;;;Q5773020;i-BdcCax9AbjJYKF3SaEwTau
Nils Bernt Grotenfelt;/wiki/Nils_Bernt_Grotenfelt;;nobility;;;;i-AtzZDHHkMR8JK9m5A1frvF
Nils Karl Ossian Grotenfelt;/wiki/Karl_Grotenfelt;;nobility;;;;i-Fqvx5ooU2nKu7WppxfCNor
Tor Nils Adolf Grotenfelt;/wiki/Tor_Nils_Adolf_Grotenfelt;;nobility;;;;i-C6EPxSGo8zoNw6eBd9AeNi
Carl August Gabriel von Haartman;/wiki/Carl_August_Gabriel_von_Haartman;;nobility;;;;i-SzsXtoTJnMbV9EcXuXLoAy
Johannes von Haartman;/wiki/Johannes_von_Haartman;;nobility;;;;i-SKPZwEKXE7hX71KKJrTCDN
Lars Emil von Haartman;/wiki/Lars_Emil_von_Haartman;;nobility;;;;i-QqBB3xoTfxVdjYr5NQonYt
Alfred Hackman;/wiki/Alfred_Hackman;;nobility;;;Q4722779;i-1764P2Vnu3yRnSonnYBdyo
Oskar Hackman;/wiki/Oskar_Hackman;;nobility;;;Q1785182;i-ThLyS2PmaP8M3K7ALK22pq
Wilhelm Hackman;/wiki/Wilhelm_Hackman;;nobility;;;;i-EQvj9fL5osnqMNoPpVA6wE
Edvard Robert Ludvig Hedenberg;/wiki/Edvard_Robert_Ludvig_Hedenberg;;nobility;;;;i-QyPgAFSeFwkAKAaSYDLYCy
Hugo Oskar Alexander Magnus von Heideman;/wiki/Hugo_Oskar_Alexander_Magnus_von_Heideman;;nobility;;;;i-A2GaSvBy1gWZzs8Xge9ifx
Harald August af Hellén;/wiki/Harald_August_af_Hell%C3%A9n;;nobility;;;;i-G8yreya82bfWU9dcq1F8hx
Ivar Theodor von Hellens;/wiki/Ivar_Theodor_von_Hellens;;nobility;;;;i-Jb74Z384UveFVagrdpb7Gu
Oskar von Hellens;/wiki/Oskar_von_Hellens;;nobility;;;;i-7ayx42GEfCQ4FXf5XqnXHe
Alexander Wilhelm af Heurlin;/wiki/Alexander_Wilhelm_af_Heurlin;;nobility;;;;i-Rj2c8ipnAPEZ4wgVvsAFh2
Valde Hirvikanta;/wiki/Valde_Hirvikanta;;nobility;;;Q4357279;i-F93JWBjLggDZB1c6SHCsfb
Gustaf Emil af Hällström;/wiki/Gustaf_Emil_af_H%C3%A4llstr%C3%B6m;;nobility;;;;i-FCru9fHyaNuhdvNj3ZMWok
Johannes Indrenius;/wiki/Johannes_Indrenius;;nobility;;;;i-MT4FXbmfE3E8zXeKT2YLpS
Albert Ludvig Lindsay von Julin;/wiki/Albert_Ludvig_Lindsay_von_Julin;;nobility;;;;i-VhermKHM28DnXffrtUcaPR
Johan Albert Edvard von Julin;/wiki/Johan_Albert_Edvard_von_Julin;;nobility;;;;i-RZrdQe9EF8epc2oUiYctkq
Nils Adolf Lindsay von Julin;/wiki/Nils_Adolf_Lindsay_von_Julin;;nobility;;;;i-LXEKkbJV1hNyAnsc347hp7
Rolf Jacob von Julin;/wiki/Rolf_Jacob_von_Julin;;nobility;;;;i-DoMTUzhCgrTNgKPPvWAefR
Carl Georg Jägerhorn;/wiki/Carl_Georg_J%C3%A4gerhorn;;nobility;;;;i-JXJu1gWaQyBLga9dujyF2Y
Reinhold Ernst Petter Jägerhorn;/wiki/Reinhold_Ernst_Petter_J%C3%A4gerhorn;;nobility;;;;i-T1J3nBEQ2dbgwg4zHwkNeU
Krister Ludvig Edvard Jägerskiöld;/wiki/Ludvig_Hisinger-J%C3%A4gerski%C3%B6ld;;nobility;;;;i-Dcjy8t7dMSXCDTPkfuVXgT
Krister Robert Otto Edgar Jägerskiöld;/wiki/Krister_Robert_Otto_Edgar_J%C3%A4gerski%C3%B6ld;;nobility;;;;i-JLC5S9cjvqGEQKtzrdZx6o
Jalo Järnefelt;/wiki/Jalo_J%C3%A4rnefelt;;nobility;;;;i-Bzs7yrrw7GC9b8QUnmsx8D
Tauno Järnefelt;/wiki/Tauno_J%C3%A4rnefelt;;nobility;;;;i-Csh2t8e4vQFJ5jd4fGxQUH
Adolf Ferdinand von Konow;/wiki/Adolf_Ferdinand_von_Konow;;nobility;;;;i-BZAwKB57hxWAxUW9igVcyV
Carl von Knorring;/wiki/Carl_von_Knorring;;nobility;;;;i-7WN4oA9QrB6HTtmiqA8Wao
Johannes Alarik von Knorring;/wiki/Johannes_Alarik_von_Knorring;;nobility;;;;i-XFSBcMLXvFzb27PDUYFm4d
Magnus Mikael von Kothen;/wiki/Magnus_Mikael_von_Kothen;;nobility;;;;i-AqNCzZorQgts4d814jQzws
Alexis von Kræmer;/wiki/Alexis_von_Kr%C3%A6mer;;nobility;;;;i-Uj41pyUbRiSWZy1yUqFnWq
Wilhelm Theodor von Kraemer;/wiki/Wilhelm_Theodor_von_Kraemer;;nobility;;;;i-DvsnxJr6R8m8r5wknzUSGc
Karl Otto Reinhold Ladau;/wiki/Karl_Otto_Reinhold_Ladau;;nobility;;;;i-U9xigf5EBj1snqzJ6rP55x
Alexander Gabriel Lagus;/wiki/Alexander_Gabriel_Lagus;;nobility;;;;i-FnbEx9QPcybRj3CQyvdiaM
Rolf Lagerborg;/wiki/Rolf_Lagerborg;;nobility;;;;i-PsuoFALePn9dpFRG2m5nm8
August Carl Adam Lagermarck;/wiki/August_Carl_Adam_Lagermarck;;nobility;;;;i-6QaodWBmrEpquzk5z6vnMq
Gustaf Adolf Langenskiöld;/wiki/Gustaf_Adolf_Langenski%C3%B6ld;;nobility;;;;i-SFc8hpHHMKPoBCPMh5HGZC
Ernst Lindelöf;/wiki/Ernst_Lindel%C3%B6f;;nobility;;;;i-RemteiT7sCE4ug9DvwUUZU
Lorenz Lindelöf;/wiki/Lorenz_Lindel%C3%B6f;;nobility;;;;i-TeVreJTGDQcrpSivfqbBtE
Uno Lindelöf;/wiki/Uno_Lindel%C3%B6f;;nobility;;;;i-EofzZMtc7bHkYrk1DMbcJM
Hjalmar Linder;/wiki/Hjalmar_Linder;;nobility;;;;i-VjoMm7nnMwaZ8DuJw2CtUT
Torsten Leonard Lode;/wiki/Torsten_Leonard_Lode;;nobility;;;;i-95LiWSVCTALqsRCn79kA23
Carl Gustaf Emil Mannerheim;/wiki/Carl_Gustaf_Emil_Mannerheim;;nobility;;;Q152306;i-VMiu46ZbZQFSbhRZC35nUJ
Carl Robert Mannerheim;/wiki/Carl_Robert_Mannerheim;;nobility;;;Q11855015;i-9fpoHmFM6CjhEHuaVzbMqT
Adolf Constantin Mechelin;/wiki/Adolf_Constantin_Mechelin;;nobility;;;;i-Ag2dXchos5RbVTmHNpsiNd
Leo Mechelin;/wiki/Leo_Mechelin;;nobility;;;Q2668824;i-BM1QN3ZJ5FqkktH9JwVhGK
Alexander Joakim von Minkwitz;/wiki/Alexander_Joakim_von_Minkwitz;;nobility;;;;i-HjwH6PdtQ6PYxtY2MfXSKE
Carl Otto Alexander Munck;/wiki/Carl_Otto_Alexander_Munck;;nobility;;;;i-48YM2b9BJr2htyWEZfcwUL
Lennart Fritiof Munck af Fulkila;/wiki/Lennart_Fritiof_Munck_af_Fulkila;;nobility;;;;i-FGXsDXPGYxh7QuVwHKESrf
Rudolf Waldemar Munsterhjelm;/wiki/Rudolf_Waldemar_Munsterhjelm;;nobility;;;;i-M1dRDrHkNpb4p39e5pVUGD
Johannes Wilhelm von Nandelstadh;/wiki/Johannes_Wilhelm_von_Nandelstadh;;nobility;;;;i-PekxKWsZ4bgFrbFj9LrEem
Matts von Nandelstadh;/wiki/Matts_von_Nandelstadh;;nobility;;;;i-DJayEMtESDA9vaivmbihCb
Erik Nordenskiöld;/wiki/Erik_Nordenski%C3%B6ld;;nobility;;;;i-EzXoZ2awDLVNmEs6w7GpNj
Johan Robert Hugo Nordenswan;/wiki/Johan_Robert_Hugo_Nordenswan;;nobility;;;;i-VN2FCbotgRvTpDEDEy7Djt
Alfred Norrmén;/wiki/Alfred_Norrm%C3%A9n;;nobility;;;;i-LcYSLrozY9sdA2Hktjosng
Max Oker-Blom;/wiki/Max_Oker-Blom;;nobility;;;;i-9dEtecWrB9KpuBkeP6YcXk
Hjalmar Oker-Blom;/wiki/Hjalmar_Oker-Blom;;nobility;;;;i-EmUBxcMYc8BmU1uL3QdD4q
K. E. Palmén;/wiki/K._E._Palm%C3%A9n;;nobility;;;;i-BtZVosHd2uL9vUhLKvDuFK
Wilhelm Pipping;/wiki/Wilhelm_Pipping;;nobility;;;;i-9h6okN8c4Eaw2Pw3PKzSBY
Arthur Pippingsköld;/wiki/Arthur_Pippingsk%C3%B6ld;;nobility;;;;i-NWfTGCDhbu3vNXABaUGgJX
Lars Knut Prytz;/wiki/Lars_Knut_Prytz;;nobility;;;;i-6wx4tZs3L9ZDfftTDUg18n
Jost Wilhelm Hugo von Qvanten;/wiki/Jost_Wilhelm_Hugo_von_Qvanten;;nobility;;;;i-XBaXvYuZryRzUve3CsdBVd
August Ramsay;/wiki/August_Ramsay;;nobility;;;Q6163504;i-2a1jEQVQLMgg8WcCkNCz31
Edvard Alexander Ramsay;/wiki/Edvard_Alexander_Ramsay;;nobility;;;;i-G4QdecQ6MsXD7WEhcFNK5v
Wilhelm Ramsay;/wiki/Wilhelm_Ramsay;;nobility;;;Q983185;i-65m2FMYgRq819LH5pjixSR
Ernst Viktor von Rehausen;/wiki/Ernst_Viktor_von_Rehausen;;nobility;;;;i-AMw8Mgy5XNirhXZx9dDqkZ
Thiodolf Rein;/wiki/Thiodolf_Rein;;nobility;;;;i-Atxa2Kx8Acoj72bWbshGTU
Eric von Rettig;/wiki/Eric_von_Rettig;;nobility;;;Q11858125;i-3PE5fKCuiGvgujS7hty5ea
Karl Hjalmar Rosenbröijer;/wiki/Karl_Hjalmar_Rosenbr%C3%B6ijer;;nobility;;;;i-PNmHnqPyRhVYDfz1Hy5FYA
Hugo Rosenlew;/wiki/Hugo_Rosenlew;;nobility;;;;i-2GtDchQB42K4xYbTq87cVq
Gösta August Sackleen;/wiki/G%C3%B6sta_August_Sackleen;;nobility;;;;i-AB24JHsfZmbjgiaW1jhHpr
Arvid Sanmark;/wiki/Arvid_Sanmark;;nobility;;;;i-F1sBJexePgLzems1trqV2A
Erik von Schantz;/wiki/Erik_von_Schantz;;nobility;;;;i-Vzv6jbLwXadCgi56dVyMEE
Berndt Gustaf Knut Björn Waldemar Schauman;/wiki/Berndt_Gustaf_Knut_Bj%C3%B6rn_Waldemar_Schauman;;nobility;;;;i-JRT7uq362xVDYXbB8aKrMc
Einar Ossian Schauman;/wiki/Einar_Ossian_Schauman;;nobility;;;;i-S154YmFsimHxrDU4mVt7UQ
Georg Schauman;/wiki/Georg_Schauman;;nobility;;;Q5479157;i-YRUSTMTKkQzsZr3qcQikQb
Waldemar Schauman;/wiki/Waldemar_Schauman;;nobility;;;Q4412255;i-QvmSKDnRAtXr4Y5xFUdyFL
Hjalmar Schildt;/wiki/Hjalmar_Schildt;;nobility;;;;i-KMybxddpRTDXE79ZmgAnee
Jalo Aatos Viini Wilhelm Schildt;/wiki/Aatos_Schildt;;nobility;;;;i-GxyUSUbDKFfdHNFMFDJVDn
Onni Schildt;/wiki/Onni_Schildt;;nobility;;;Q7094392;i-KEH715U4Y1bzNSfLtCZFuv
Osma Alfred Schildt;/wiki/Osma_Alfred_Schildt;;nobility;;;;i-Ksviw3T6GsJxfgx6Ggd119
Constantin Runo Georg von Schoultz;/wiki/Constantin_Runo_Georg_von_Schoultz;;nobility;;;;i-5UumNNakiL8LoP3LGakghw
Oskar von Schoultz;/wiki/Oskar_von_Schoultz;;nobility;;;;i-SdgbXNAKksp7Y4D1ExsyJV
Carl Rudolf Christer Schulman;/wiki/Carl_Rudolf_Christer_Schulman;;nobility;;;;i-BKn5P8moHXW7NGJY13Xq5b
Hugo Schulman;/wiki/Hugo_Schulman;;nobility;;;;i-SUa2EAYaUVdKXx1Hip3kos
Otto Karl Hjalmar Schulman;/wiki/Otto_Karl_Hjalmar_Schulman;;nobility;;;;i-Jw2DmFYzCwcZKdAPeUKz7t
Arvid Michael af Schultén;/wiki/Arvid_Michael_af_Schult%C3%A9n;;nobility;;;;i-YBDQhZHegxy7S5wNs9ya1e
J. G. von Schrowe;/wiki/J._G._von_Schrowe;;nobility;;;;i-Aw4gJLPj64MCzSUx8SpjWN
Hjalmar Frithiof Segercrantz;/wiki/Hjalmar_Frithiof_Segercrantz;;nobility;;;;i-DZJtkrPfWZvk4Ap77q2uxp
Johan Viktor Segerstråle;/wiki/Johan_Viktor_Segerstr%C3%A5le;;nobility;;;;i-3Lihrx5B9cVVqhbadcPAMV
Gustaf Adolf Silfverhjelm;/wiki/Gustaf_Adolf_Silfverhjelm;;nobility;;;;i-DeNANhJFvif9NVw93xfYiN
Ernst Silfverhjelm;/wiki/Ernst_Silfverhjelm;;nobility;;;;i-FDszLxa7n18J7pGWoaPo61
Johan Axel Erik Silfverhjelm;/wiki/Johan_Axel_Erik_Silfverhjelm;;nobility;;;;i-VCpCJj71NdM9emY6TEMzXG
Anders Henrik Snellman;/wiki/Anders_Henrik_Snellman;;nobility;;;;i-W8Db684k5G37wqhA7J42ay
Johan Ludvig Snellman;/wiki/Johan_Ludvig_Snellman;;nobility;;;;i-95QdUoEJ7M1gg4Cy6d3QMx
Axel Johan Alfons Spåre;/wiki/Axel_Johan_Alfons_Sp%C3%A5re;;nobility;;;;i-KJPD38Pv4xHNi9xwhTpE6v
Maximilian Spåre;/wiki/Maximilian_Sp%C3%A5re;;nobility;;;;i-BgDmVff4RSeFszcVttKU7T
Carl August Standertskjöld;/wiki/Carl_August_Standertskj%C3%B6ld_(1855%E2%80%931935);;nobility;;;;i-Au3rrHPYjxqFxpM5yc49pc
Henrik Carl Gustaf August Standertskjöld;/wiki/Henrik_Carl_Gustaf_August_Standertskj%C3%B6ld;;nobility;;;;i-2xD73P53y2xgGBX4mgMEoj
Waldemar Stjerncreutz;/wiki/Waldemar_Stjerncreutz;;nobility;;;;i-WfUQPfBkC1vMdzuPBj75qe
Wilhelm Stjernschantz;/wiki/Wilhelm_Stjernschantz;;nobility;;;;i-CVDaphfMZ6gK7wkELrJyYe
Fredrik Stjernvall;/wiki/Fredrik_Stjernvall_(senaattori);senaattori;nobility;;;;i-KuRhzNsx46gnkh5bRQzgZF
Henrik Ludvig Alfred Stjernvall;/wiki/Henrik_Ludvig_Alfred_Stjernvall;;nobility;;;;i-XSfL81tGKVdgNb1sbowcRU
Julius Stjernvall;/wiki/Julius_Stjernvall;;nobility;;;Q17383994;i-VZBCP48WcB68XodCJB2hkH
P. E. Svinhufvud;/wiki/P._E._Svinhufvud;;nobility;;;;i-51zRZGqytYdTUQd2T7oRuC
Johan Reinhold Taube;/wiki/Johan_Reinhold_Taube_nuorempi;;nobility;;;;i-WDfrjo9XSDsQ5CApS6Kfxb
Hjalmar Edvard Tawast;/wiki/Hjalmar_Edvard_Tawast;;nobility;;;;i-Gs6f3qia8y8TrjE6nzWpMi
Eynar Thesleff;/wiki/Eynar_Thesleff;;nobility;;;;i-TarLwptG7R8SF5pg2iR5pV
Rolf Thesleff;/wiki/Rolf_Thesleff;;nobility;;;Q18814960;i-SzVBBvxt1aGJ6jks8D2Q5W
Viktor Nikolai Julius Thesleff;/wiki/Viktor_Nikolai_Julius_Thesleff;;nobility;;;;i-5Kur5pRwoDYFaCowM5g3qa
Axel Fredrik Tigerstedt;/wiki/Axel_Fredrik_Tigerstedt;;nobility;;;;i-32w487iUhzdyQvB8GvE88D
Edvard Tigerstedt;/wiki/Edvard_Tigerstedt;;nobility;;;;i-NPH1o1xeorDHN3soPCbMv8
James Mauritz Tigerstedt;/wiki/James_Mauritz_Tigerstedt;;nobility;;;;i-4AGuGd38hf4KespK8MYj27
Robert Tigerstedt;/wiki/Robert_Tigerstedt;;nobility;;;Q553859;i-SSeEffZt43Kvtrd9Cx5n3r
Theodor Tigerstedt;/wiki/Theodor_Tigerstedt;;nobility;;;;i-TR13JsM23E7ipXqPtPdrJn
Eric von Troil;/wiki/Eric_von_Troil;;nobility;;;;i-FTpJmcFyji4ABCWHY7yDso
Walter Werner Axel von Troil;/wiki/Walter_Werner_Axel_von_Troil;;nobility;;;;i-WDz4vEw2eWZxfr4fnr3ev8
Adolf Törngren;/wiki/Adolf_T%C3%B6rngren_(nuorempi);;nobility;;;;i-XX58iVNbTSnEH8rizgTM7j
Alarik Uggla;/wiki/Alarik_Uggla;;nobility;;;;i-YJNjrPygwHeDZiSj5b39fG
John Rafael Uggla;/wiki/John_Rafael_Uggla;;nobility;;;;i-Dz5hAwJyDWqRCY5HYongt
N. R. af Ursin;/wiki/N._R._af_Ursin;;nobility;;;;i-9cNGjk8nmAZ5wckaFxZGFJ
Hugo Johan Wilhelm Wadenstjerna;/wiki/Hugo_Johan_Wilhelm_Wadenstjerna;;nobility;;;;i-BQTtemhRFxri8bkWA15fpW
Ivar August Wahren;/wiki/Ivar_August_Wahren;;nobility;;;;i-NqCyztYxbvpx95V4SwQ6nX
Axel Wallensköld;/wiki/Axel_Wallensk%C3%B6ld;;nobility;;;;i-8eiri4PHVg6DyL9rvPpUig
Björn Rudolf Wasastjerna;/wiki/Bj%C3%B6rn_Rudolf_Wasastjerna;;nobility;;;;i-7SQ3hodNG3Z6hKJE5kVA7k
Evert Viktor Wasastjerna;/wiki/Evert_Viktor_Wasastjerna;;nobility;;;;i-Kb8kygLcTxaqvRSfa3xqV4
Karl Oskar Wasastjerna;/wiki/Karl_Oskar_Wasastjerna;;nobility;;;;i-8QS8NxWXnYbGNGay7eWUi3
Uno Alfons Wasastjerna;/wiki/Uno_Alfons_Wasastjerna;;nobility;;;;i-Coo61MAWDWCSEhiPZdqNyd
Axel Leonard von Weissenberg;/wiki/Axel_Leonard_von_Weissenberg;;nobility;;;;i-FcnE7JqpsivtwiXQm29xQS
Ernst von Wendt;/wiki/Ernst_von_Wendt;;nobility;;;;i-RyyZbpWVhzYMm59x53dQgk
Georg von Wendt;/wiki/Georg_von_Wendt;;nobility;;;Q6235673;i-KaGZSH7hSfwSGkfQgkLx9d
Erik Adolf von Willebrand;/wiki/Erik_Adolf_von_Willebrand;;nobility;;;Q921355;i-GR25tN5vpHqsQL2THp5BzR
Georg von Willebrand;/wiki/Georg_von_Willebrand;;nobility;;;;i-F2TqnhZABMnKRLA6m3Wt9s
Herman Viktor von Willebrand;/wiki/Herman_Viktor_von_Willebrand;;nobility;;;;i-9dg76NYKpBg8v4pLegJS4u
Karl Reinhold von Willebrand;/wiki/Karl_Reinhold_von_Willebrand;;nobility;;;;i-WSpBHvAdJZSHPeYBmp446w
Reinhold Felix von Willebrand;/wiki/Reinhold_Felix_von_Willebrand;;nobility;;;;i-GtNusg1wv3P4Wstjqet9bS
Reinhold Robert von Willebrand;/wiki/Reinhold_Robert_von_Willebrand;;nobility;;;;i-P2TB7uqML45WSXmGGyBpbS
Frans Gustaf von Winther;/wiki/Frans_Gustaf_von_Winther;;nobility;;;;i-6VyAJEjFPGqiGUkstGADAg
August Henrik Uno Wrede;/wiki/August_Henrik_Uno_Wrede;;nobility;;;;i-5EWQY4MzankacfQX5u2dhf
Carl Ernst Wrede;/wiki/Carl_Ernst_Wrede;;nobility;;;;i-HgqPynBUu2U3dYH95SV9vJ
Carolus Wrede;/wiki/Carolus_Wrede;;nobility;;;Q17384883;i-ETQzEcgbBi4s4RJ7ZnfAwr
Otto Wrede;/wiki/Otto_Wrede;;nobility;;;Q7109889;i-GC4iKVSUKy4zqrxEso8fJC
R. A. Wrede;/wiki/R._A._Wrede;;nobility;;;;i-2hD21qWp9K67tPki4xh6zX
Ferdinand von Wright;/wiki/Ferdinand_von_Wright_(poliitikko);poliitikko;nobility;;;;i-G57bpc4f6Fu1svLLXDpNcx
Viktor Julius von Wright;/wiki/Viktor_Julius_von_Wright;;nobility;;;;i-BtyTqDgYHyDR8B3iubyn6A
Georg Herman August Wärnhjelm;/wiki/Georg_Herman_August_W%C3%A4rnhjelm;;nobility;;;;i-6brmcd3QS7d2LaCGMdAQFt
Yrjö Koskinen Yrjö-Koskinen;/wiki/Yrj%C3%B6_Koskinen_Yrj%C3%B6-Koskinen;;nobility;;;;i-8E6upeFa6s7X6k7Za6dQbj
Axel Theodor Örnhjelm;/wiki/Axel_Theodor_%C3%96rnhjelm;;nobility;;;;i-G4NdDEqVRioq48p7EQbaeR
Pekka Ahmavaara;/wiki/Pekka_Ahmavaara;puhemies;peasants;;Ii;Q16158900;i-GT6FgM35BjNdFMXCWWyyuA
Juho Erkki Antila;/wiki/Juho_Erkki_Antila;;peasants;;Ilmajoki;Q11867560;i-VUMq2T9TJQkqeXhFKWWYC2
Pekka Anttonen;/wiki/Pekka_Anttonen;;peasants;;Viipurin maalaiskunta;;i-XGPXP8D7JvJUuYaL7474G4
Juho Astala;/wiki/Juho_Astala;;peasants;;Urjala;Q11867558;i-NhJsA3ABbAMLYTMuFqgSpb
Hjalmar Gabriel Brander;/wiki/H._G._Paloheimo;;peasants;;Loppi;;i-2kQwUtoHSwnYeLTXmLck8r
Georg Edgar Candelin;/wiki/Georg_Edgar_Candelin;;peasants;;Pohja;;i-8jPmu3fvHohUUCeSGkkbXB
Jonas Castrén;/wiki/Jonas_Castr%C3%A9n;;peasants;;Helsinki;;i-5usRxb8stk7Y8Qfk8UTRrM
Kaarlo Ekberg;/wiki/Kaarlo_Ekberg;;peasants;;Rautalampi;;i-TRJUkgdtqj8YafcHWiunC8
Gustaf Viktor Eklund;/wiki/Gustaf_Viktor_Eklund;;peasants;;Kirkkonummi;;i-UuNpejz63DNoacNWFAFjXE
Elias August Ekman-Isotalo;/wiki/Elias_August_Tunkelo;;peasants;;Längelmäki;;i-RuWjhvcLonqckZ5vuFTfDf
August Fellman;/wiki/August_Fellman;;peasants;;Hollola;;i-761jFp8QFs1K22nsTyPrT4
Adolf Halinen;/wiki/Adolf_Halinen;;peasants;;Jyväskylän maalaiskunta;;i-HfWfActQe9KZ2kYVzhw5Bm
Antti Halonen;/wiki/Antti_Halonen_(valtiopäivämies);;peasants;;Puolanka;;i-6w8r6hg5F7TLkSZb8KcURb
Samuel Heiskanen;/wiki/Samuel_Heiskanen;;peasants;;Iisalmen maalaiskunta;;i-JZswQyxJgdrC7mcS7qxnaV
Juho Fredrik Horelli;/wiki/Juho_Fredrik_Horelli;;peasants;;Kokemäki;;i-FLU4GzhfjqaiKp3BXLwdWL
Nestor Huoponen;/wiki/Nestor_Huoponen;;peasants;;Kirvu;;i-HAkXw2e7ETu7AUjeewEWfr
Aksel Hynninen;/wiki/Aksel_Hynninen;;peasants;;Joroinen;;i-NVSSVqMqZbW5m9b6RM76L8
Kalle Häkkinen;/wiki/Kalle_H%C3%A4kkinen;;peasants;;Ruovesi;;i-JMERSMLZ7UMBiKnphukX7U
Matti Ikonen;/wiki/Matti_Ikonen;;peasants;;Kangasniemi;;i-KvfDtT3CDx7CE8XmxRCDRi
Kaarlo Juhana Inberg;/wiki/Kaarlo_Juhana_Inberg;;peasants;;Ahlainen;;i-G6iwQxbYxHRYyueS8LfTsP
Juho Jormakka;/wiki/Juho_Jormakka;;peasants;;Sortavalan maalaiskunta;;i-Po86c6SzZBrRp2cXNt7vbS
Juho Herman Jurva;/wiki/Juho_Herman_Jurva;;peasants;;Ylitornio;;i-WKYZS9w7YwXk2iBPTNxqW8
Antti Kaasalainen;/wiki/Antti_Kaasalainen;;peasants;;Pyhäjärvi;Q26270041;i-VzA3Y3NQhrZkNndvb42d9
Kyösti Kallio;/wiki/Ky%C3%B6sti_Kallio;;peasants;;Nivala;;i-BAA6DXrSNMcvsehisGYrrM
Kustaa Vilhelm Karhu;/wiki/Kustaa_Vilhelm_Karhu;;peasants;;Mäntyharju;;i-4kXkdxF3rVbxcCs8VoMdhA
Karl Julian Karlsson;/wiki/Karl_Julian_Karlsson;;peasants;;Finström;Q11870138;i-2VUbjQp4iwPVbhLEqfvijy
Urbanus Koistinen;/wiki/Urbanus_Koistinen;;peasants;;Nilsiä;;i-P1yFwRyuDa5Fsq2kN6tcBh
Aleksanteri Koivisto;/wiki/Aleksanteri_Koivisto;;peasants;;Kuortane;Q17381729;i-DmWg6kaxRcVGDxey3HZmMC
Aleksi Korvenranta;/wiki/Aleksi_Korvenranta;;peasants;;Sysmä;;i-CUH1897dUXkF8BmavDD7AX
William Koskelin;/wiki/William_Koskelin;;peasants;;Saarijärvi;Q17381816;i-VprBVce4soGLYgngLSjo1p
Martti Kykkling;/wiki/Martti_Kykkling;;peasants;;Virolahti;Q11881306;i-Wmc4io5AhKpixJuNytdtVe
Oskari Laine;/wiki/Oskari_Laine;;peasants;;Mäntsälä;Q17382045;i-A3iNU74qwgCMgUUvCNEK5W
Pekka Leppänen;/wiki/Pekka_Lepp%C3%A4nen_(nuorsuomalainen_poliitikko);;peasants;;Ilomantsi;;i-YakdGNJeLBHm2ViyB8fUpr
Kalle Myllylä;/wiki/Kalle_Myllyl%C3%A4;;peasants;;Kalajoki;;i-PKPe2Nyabt6ctrsa6d5cFL
Juho Mynttinen;/wiki/Juho_Mynttinen;;peasants;;Iitti;Q17382509;i-9DtdC6x5pi2pfrUoXBHv3k
Oskar Nissinen;/wiki/Oskar_Nissinen;;peasants;;Sortavalan maalaiskunta;Q18633458;i-H5j7JEfNpcffScykfd1hcQ
Oskar Nix;/wiki/Oskar_Nix;;peasants;;Närpiö;;i-7sNfEShKSv93FkVwjokJFc
Jakob Näs;/wiki/Jakob_N%C3%A4s;;peasants;;Munsala;;i-4EJpVLBVq7qJcHfe9xgeMh
Kaarle Ojanen;/wiki/Kaarle_Ojanen_(valtiopäivämies);;peasants;;Nummi;;i-2znNEpx3EbGDV1yemS6Ho9
Georg Wilhelm Paunonen;/wiki/Georg_Wilhelm_Paunonen;;peasants;;Juva;;i-VKbGtZyZXWpUPkoMXnexMm
Erkki Peltonen;/wiki/Erkki_Peltonen;;peasants;;Nurmes;Q17382895;i-3dVVhxTjBDNPtjwMKrwZ4S
Pekka Pennanen;/wiki/Pekka_Pennanen;;peasants;;Kesälahti;Q6040815;i-JeJUuLsx1ADgfUq4qMkAyZ
Otto Pesonen;/wiki/Otto_Pesonen;;peasants;;Heinävesi;Q26270051;i-NHKgqZ5VCJGJQMeRSrTD6B
Juho Pietiläinen;/wiki/Juho_Pietil%C3%A4inen;;peasants;;Perniö;;i-Fnc3xqQ6Yw1weZo5vTRsDX
Kaarle Prusi;/wiki/Kaarle_Prusi;;peasants;;Tyrvää;;i-A22VbgnxUPudCU4PsdfXhZ
Arno Reuter;/wiki/Arno_Reuter;;peasants;;Turku;;i-Sfn4EsStf31pPRaBmW4Hw5
Tahvo Riihelä;/wiki/Tahvo_Riihel%C3%A4;;peasants;;Luumäki;;i-WqgsxWePjro1Bvm87VExid
Juho Riipinen;/wiki/Juho_Riipinen;;peasants;;Mikkelin maalaiskunta;;i-JZaNWk9mXgapfbJ3qZXW6E
Brynolf Roiha;/wiki/Brynolf_Roiha;;peasants;;Parikkala;;i-17htpZDs17EUXFq4uXyrgb
Juhana Emil Sandelius;/wiki/Juhana_Emil_Sandelius;;peasants;;Naantalin maalaiskunta;;i-VT8ViKQJT6VrXwypXJkshs
Pekka Siira;/wiki/Pekka_Siira;;peasants;;Tyrnävä;;i-DhkpMWMtWKDEBsxXhj35hc
Juho Anton Sjöblom;/wiki/Juho_Anton_S%C3%A4rkilahti;;peasants;;Taivassalo;;i-VwHReWhJrcC7zhFiznhRg5
Juho Snellman;/wiki/Juho_Snellman;;peasants;;Karttula;Q20254281;i-XkEFWENCgSbRNRHVF5Yyyb
Tuomas Suokas;/wiki/Tuomas_Suokas;;peasants;;Valkjärvi;;i-NRTTLGWR9xV953dyx3Cmix
Johan Oskar Terho;/wiki/Johan_Oskar_Terho;;peasants;;Vihti;;i-7pPnGhosJBATKgUE3yEKM6
Matti Tervaniemi;/wiki/Matti_Tervaniemi;;peasants;;Kittilä;Q11881716;i-F6idYyLQmoLSLW2mo8tU2b
Bror Axel Thulé;/wiki/Bror_Axel_Thul%C3%A9;;peasants;;Kangasala;;i-DzP2McJdARN1V89E93Ay4t
Juho Torppa;/wiki/Juho_Torppa;;peasants;;Veteli;Q17384313;i-8Nqw1ci2HJgHqGKyao4gz6
Juho Valmari;/wiki/Juho_Valmari;;peasants;;Kemin maalaiskunta;;i-LntY6DwLWnbrXMVX8nJS29
Uuno A. Varis;/wiki/Uuno_A._Varis;;peasants;;Polvijärvi;;i-7qwG4w9itd5BWSXBibBhxa
Kaarlo Warvikko;/wiki/Kaarlo_Warvikko;;peasants;;Karstula;Q17384817;i-4GpKxxaDYPL8zTYnJ5qrTa
Karl Johan Winter;/wiki/Karl_Johan_Winter;;peasants;;Jaakkima;;i-CfP1eF37sJ1qKcMK6SnTzr
Kaarle Wärri;/wiki/Kaarle_W%C3%A4rri;;peasants;;Pöytyä;;i-4VKJZeErGTDM8EF8mkdp7N
Robert Hermanson;/wiki/Robert_Hermanson;professori;priests;Arkkihiippakunta;;;i-SaCnJmAftzcnG2e8XYGcL9
Isak August Björklund;/wiki/Isak_August_Bj%C3%B6rklund;kirkkoherra;priests;Arkkihiippakunta;Ylikannus;;i-RE9ioS2PcNCNiD9EFU1fDJ
Edvard Hannula;/wiki/Edvard_Hannula;kirkkoherra;priests;Arkkihiippakunta;Naantali;Q11856605;i-D1FsfDBmNqCrFh66jtDHKq
Herman Snellman;/wiki/Herman_Snellman;kirkkoherra;priests;Arkkihiippakunta;Korpo;;i-2xbFzmJWLtL3VujRuxuuH6
Johan Alarik Roos;/wiki/Johan_Alarik_Roos;kirkkoherra;priests;Arkkihiippakunta;Sulva;;i-3Zr6LeVrErF9UF7ecwsP1e
Wilhelm Roos;/wiki/Wilhelm_Roos;kirkkoherra;priests;Arkkihiippakunta;Uusikaupunki;Q17383338;i-Y6h5zrKenZWNZ9m3mhTxdv
Peter Snellman;/wiki/Peter_Snellman;kirkkoherra;priests;Arkkihiippakunta;Uskela;;i-3KmZ2JW55We9zqnwrRNCgP
Ivar Nordlund;/wiki/Ivar_Nordlund;kappalainen;priests;Arkkihiippakunta;Närpiö;Q11865396;i-7nQwnFEu5Yk3kSApPefrFA
Ivar Markus Tallgren;/wiki/Ivar_Markus_Tallgren;kirkkoherra;priests;Arkkihiippakunta;Maaria;;i-5mrB9FPRsk5QE1MSMJGM5v
Karl August Schroderus;/wiki/Karl_August_Schroderus;kirkkoherra;priests;Arkkihiippakunta;Alavus;;i-8GeeAGsycDjjsoq9W6d6Tc
Teodor Natanael von Pfaler;/wiki/Teodor_Natanael_von_Pfaler;kappalainen;priests;Arkkihiippakunta;Turku;;i-XECbcSYaNcvb5x7iyCcZ7N
Gustaf Edvard Lybeck;/wiki/Gustaf_Edvard_Lybeck;kirkkoherra;priests;Arkkihiippakunta;Kauhajoki;;i-RYRLCW2s7dknqNzUos9PeB
Allan Serlachius;/wiki/Allan_Serlachius;professori;priests;Porvoon hiippakunta;;Q4357216;i-9oAGbXKxe5dgbbLMbJ63tk
Karl Oskar Fontell;/wiki/Karl_Oskar_Fontell;kappalainen;priests;Porvoon hiippakunta;Tampere;;i-58p2yq1prpUmoBHrSj7Haf
Arnold Melcher Berger;/wiki/Arnold_Melcher_Berger;kirkkoherra;priests;Porvoon hiippakunta;Uurainen;;i-6RRNWfsAtFAXWdUseP8L1A
Johan Abraham Maunu;/wiki/J._A._Maunu;lehtori;priests;Porvoon hiippakunta;Tampereen suomalainen reaalilyseo;;i-24MJDgsqqgCgQM9j64vDZY
Georg Gustaf Alexander Rosenqvist;/wiki/G._G._Rosenqvist;professori;priests;Porvoon hiippakunta;;;i-AadCTC2BzQJMamTxWgzfdo
Gustaf Adolf Heman;/wiki/G._A._Heman;kirkkoherra;priests;Porvoon hiippakunta;Jyväskylän maaseurakunta;;i-76wvRLqhqAr39bzB2aNLry
Johan Jakob Westerlund;/wiki/Johan_Jakob_Westerlund;kirkkoherra;priests;Porvoon hiippakunta;Hattula;;i-E4sJZkcvrMxBkmsiZoBAAh
Lauri Ingman;/wiki/Lauri_Ingman;yliopistonapulainen;priests;Porvoon hiippakunta;;Q440166;i-Ef7n2WRKmjh7HiBPqvKhX5
J. R. Danielson-Kalmari;/wiki/J._R._Danielson-Kalmari;professori;priests;Porvoon hiippakunta;;;i-LhNeaJMK2rPRdMfEm4W2yR
Juuso Hedberg;/wiki/Juuso_Hedberg;kirkkoherra;priests;Savonlinnan hiippakunta;Savonlinna-Sääminki;;i-FNPPwEod1e3taFV6aqGkL
Aleksander Auvinen;/wiki/Aleksander_Auvinen;kirkkoherra;priests;Savonlinnan hiippakunta;Impilahti;Q58072830;i-J6zP3X9ccdcPDSdoJRRzLX
Julius Immanuel Gummerus;/wiki/Julius_Immanuel_Gummerus;kirkkoherra;priests;Savonlinnan hiippakunta;Parikkala;;i-669G58xkbnpQCsVJmoyWfs
Alexander Gustaf Walle;/wiki/Alexander_Gustaf_Walle;kirkkoherra;priests;Savonlinnan hiippakunta;Uukuniemi;;i-Ay8y6qphUDYbXoFXQgQvgE
Josua Johansson;/wiki/Josua_Johansson;kirkkoherra;priests;Savonlinnan hiippakunta;Juuka;;i-29jAvqcdVSDmnMHm7GL7zd
Arthur Hjelt;/wiki/Arthur_Hjelt;professori;priests;Savonlinnan hiippakunta;;Q5807467;i-C9dmrUvwspHpLHXM6o1jJo
Ludvig Alexander Wennerström;/wiki/Ludvig_Alexander_Wennerstr%C3%B6m;kirkkoherra;priests;Savonlinnan hiippakunta;Kangasniemi;;i-2F6oVsrG3mDJDsy2mxCob7
Fredrik Hellman;/wiki/Fredrik_Hellman;kirkkoherra;priests;Savonlinnan hiippakunta;Juuka;;i-D6Mi4GWWJsTvqGyurVJi26
Johannes Schwartzberg;/wiki/Johannes_Schwartzberg;kirkkoherra;priests;Kuopion hiippakunta;Kuopio;;i-PUGEJH9kXtM6B1imKCMoex
Eljas Lönnrot;/wiki/Eljas_L%C3%B6nnrot_(pappi);kirkkoherra;priests;Kuopion hiippakunta;Alatornio;;i-VrYVhWgWmsDTenThaELYuL
Henrik Edvard Schroderus;/wiki/Henrik_Edvard_Rauramo;kirkkoherra;priests;Kuopion hiippakunta;Leppävirta;;i-KSodbRwY6NwA3H7C4ZjcDU
Eero Hyvärinen;/wiki/Eero_Hyv%C3%A4rinen_(rovasti);kirkkoherra;priests;Kuopion hiippakunta;Karttula;;i-GoAtGw3V5JQjMdAfdcsfof
Ernst Gustaf Palmén;/wiki/Ernst_Gustaf_Palm%C3%A9n;professori;priests;Kuopion hiippakunta;;;i-SUpmw56zMz2APdv8K23tDg
Juho Aapraham Mennander;/wiki/J._A._Mannermaa;lääninvankilansaarnaaja;priests;Kuopion hiippakunta;Oulu;;i-4JLjd6bDZEbBMJYBuR7DMV
Johan Wilhelm Runeberg;/wiki/Johan_Wilhelm_Runeberg;professori;priests;Yliopiston;;;i-QQ7rzMcvpGv1RunkkD3Hgv
Werner Söderhjelm;/wiki/Werner_S%C3%B6derhjelm;professori;priests;Yliopiston;;;i-3RMpW3iFEvgpKbFP34kXg8
Knut Svanljung;/wiki/Knut_Svanljung;rehtori;priests;Turun hiippakunta;Turun suomalainen klassillinen lyseo;;i-S8BUZ6vnbJpzzmYXeu7wqs
Vilhelm Rosenqvist;/wiki/Vilhelm_Rosenqvist;rehtori;priests;Turun hiippakunta;ruotsalainen normaalilyseo;Q5405284;i-JtwzCWzfXqxrEiL7KTkrfY
Alexander Werner Theodor Malin;/wiki/Verner_Malinen;lehtori;priests;Porvoon hiippakunta;Tampereen suomalainen reaalilyseo;;i-8qrRwBURsh8DZrrsYhwTcH
Ivar Heikel;/wiki/Ivar_Heikel;professori;priests;Porvoon hiippakunta;;Q5797598;i-NBh89WjkAAKD9CCqxkG37S
Emil Nestor Setälä;/wiki/E._N._Set%C3%A4l%C3%A4;professori;priests;Savonlinnan hiippakunta;;;i-5C3y3vPwK2g3nTViCkVpL4
Uno Saxén;/wiki/Uno_Sax%C3%A9n;lehtori;priests;Savonlinnan hiippakunta;Viipurin suomalainen reaalilyseo;;i-6uBc5itfkvswdCxwfNnXyC
Theodor Homén;/wiki/Theodor_Hom%C3%A9n;professori;priests;Kuopion hiippakunta;;;i-6s9yv9SowA7sBkJvmExQWV
